name|email|country|salary|experience
Ciara Hamilton|ornare.facilisis.eget@eratvelpede.com|Brunei|$69862|43
Ryder Patrick|augue.Sed@atnisiCum.net|Sweden|$66656|47
Calista Christensen|risus.varius@auctor.co.uk|Guatemala|$122391|3
Leo Prince|ligula.Nullam@sit.ca|Aruba|$113792|22
Abel Henry|conubia.nostra@Crasloremlorem.ca|Moldova|$60925|24
Craig Hines|felis@antedictum.edu|Djibouti|$74342|0
Karly Leon|natoque@cursus.com|Singapore|$30272|19
Yael Byrd|lorem.eget.mollis@mattisIntegereu.edu|Mozambique|$145745|46
Libby Savage|Maecenas.libero.est@ac.org|Uganda|$113672|6
Jemima Mills|montes.nascetur.ridiculus@velit.edu|Nepal|$42388|12
Wylie Williams|Suspendisse@Suspendissesagittis.org|Andorra|$33766|6
Jacqueline Morales|mauris.elit@ornaretortorat.co.uk|Pakistan|$114140|22
Irma Grant|et.magnis@Mauris.co.uk|Sao Tome and Principe|$69519|42
Adele Roberson|enim.mi@egetodio.org|Colombia|$33029|23
Evelyn Carrillo|sodales.purus@dolorFuscemi.net|Denmark|$28694|4
Shay Lynn|est.ac@Sed.ca|Sudan|$33128|28
Hope Dunlap|vitae.mauris@et.com|Zambia|$122599|50
Ashely Ashley|In.condimentum.Donec@Sed.net|Togo|$97068|21
Abra Raymond|lectus.a.sollicitudin@nonarcu.com|Malaysia|$64661|12
George Santana|amet.faucibus@bibendumsed.org|Yemen|$29956|5
Kasimir Jarvis|ornare@inconsequat.org|Western Sahara|$129228|44
Cailin Pruitt|interdum.feugiat.Sed@Proinnonmassa.edu|Iran|$69499|28
Francis Mullins|non@miDuisrisus.co.uk|Azerbaijan|$140542|29
Casey Floyd|magna.a@venenatisvelfaucibus.edu|CÃ´te D'Ivoire (Ivory Coast)|$67306|26
Raja Roach|magna@dapibus.org|Macedonia|$98476|48
Adam Horne|nunc.sit.amet@inmagna.org|Ethiopia|$81627|29
Shaeleigh Warner|luctus@erat.com|Liberia|$139537|23
Victoria Moran|mauris@eleifend.net|South Georgia and The South Sandwich Islands|$57251|25
Lenore Erickson|mauris.sagittis.placerat@Quisquefringilla.net|Northern Mariana Islands|$70363|36
Cynthia Randolph|arcu.iaculis@laoreetposuereenim.net|Bosnia and Herzegovina|$138976|8
Nissim Pope|Cras.interdum.Nunc@vitaenibhDonec.net|Nigeria|$92208|41
Kellie Winters|volutpat.Nulla@odioa.com|South Georgia and The South Sandwich Islands|$53402|48
Ivory Munoz|eu.augue.porttitor@Etiambibendumfermentum.co.uk|Cocos (Keeling) Islands|$140503|28
Wendy Mayer|consequat@Innecorci.org|Saint Lucia|$72545|3
Virginia Strong|cursus.a.enim@nunc.org|Malawi|$85379|45
Cathleen Allison|id@CuraePhasellusornare.edu|United States Minor Outlying Islands|$115615|18
Fitzgerald Shepard|Morbi.sit.amet@Quisqueimperdieterat.net|Fiji|$134062|41
Melanie Chavez|orci.lacus@Fuscealiquetmagna.co.uk|Anguilla|$76683|14
Echo Walker|pede@duiSuspendisse.co.uk|Ethiopia|$78791|8
Amena Sharpe|dignissim.magna.a@dapibusquam.net|Argentina|$121891|5
Carly Hurst|egestas.nunc@ultricesposuerecubilia.com|Lesotho|$32944|27
Sacha Palmer|at.sem.molestie@tinciduntnequevitae.co.uk|Gabon|$121329|34
Jerome Wilson|sit.amet@SuspendisseeleifendCras.org|Nigeria|$68720|5
Jasper Moon|nibh.Donec@necdiam.co.uk|Turkey|$117586|3
Oliver Golden|Nunc.sollicitudin@inconsequatenim.org|Mali|$102881|32
Eric Hood|sit.amet@Vivamuseuismodurna.ca|Liechtenstein|$125057|29
Colin Mcintosh|auctor@musProin.net|Singapore|$115747|24
Lance Garrett|vel.mauris.Integer@acturpis.net|Belize|$139459|8
Chaim Carrillo|arcu.Vestibulum.ut@lacusCrasinterdum.net|Jordan|$54057|29
Bruno Saunders|dis.parturient.montes@ante.org|Gibraltar|$82076|17
Aline Craft|Integer@ac.com|Togo|$93648|37
Imelda Berry|lectus.pede.ultrices@loremut.net|South Africa|$117931|44
Sean David|amet.ante@duisemper.co.uk|South Georgia and The South Sandwich Islands|$110682|12
Fiona Carrillo|dapibus.quam.quis@consectetueradipiscing.net|United Arab Emirates|$106316|50
Xanthus Oneil|vehicula@Aliquamnec.org|Paraguay|$129287|47
Leandra Steele|facilisis.lorem@fermentumconvallis.org|Saint Martin|$66975|27
Jessamine Brennan|accumsan@tellusfaucibus.co.uk|Singapore|$113092|42
Gloria Christensen|eu.ultrices@eget.com|Argentina|$39618|15
Rhiannon Parks|venenatis.vel@Curabitur.edu|Spain|$103630|13
Neville Faulkner|nibh.vulputate.mauris@scelerisque.edu|Spain|$31253|24
Baxter Shields|ipsum.dolor.sit@tellusnon.org|Dominican Republic|$26375|37
Christopher Reynolds|sem.eget.massa@ultriciesligula.ca|Niger|$127918|21
Christian Richard|ante.dictum@faucibusorciluctus.ca|Montserrat|$49657|6
Ima Mccarthy|laoreet.posuere.enim@in.co.uk|French Polynesia|$102614|7
Courtney Stout|elit@sagittis.edu|French Polynesia|$75624|22
Perry Everett|ipsum.Donec.sollicitudin@mattis.edu|Morocco|$116032|37
Leah Haley|Curabitur.sed@feugiatLoremipsum.ca|Guadeloupe|$107919|40
Nissim Waller|Integer@parturientmontesnascetur.com|United States|$85105|47
Dara Parker|vulputate.velit.eu@nascetur.net|Cuba|$103317|39
Janna Willis|laoreet@lobortisnisi.org|Somalia|$119121|22
Holly Cooley|tristique.aliquet@utquamvel.net|Honduras|$53426|45
Stacy Leonard|vitae.velit@dolorsit.edu|Bonaire, Sint Eustatius and Saba|$123045|24
Emerald Meyers|nunc.interdum@Fuscefeugiat.co.uk|Guadeloupe|$105337|46
Neville Fischer|placerat@euaugueporttitor.co.uk|Uzbekistan|$55425|43
Cailin Conner|magna.Nam@semutcursus.edu|Afghanistan|$143672|42
Sloane Kirby|sem.ut@eratEtiamvestibulum.org|Cayman Islands|$109630|44
Eve Cash|torquent.per@pedePraesenteu.org|Switzerland|$107915|44
Mason Merrill|Cras.vulputate.velit@atnisiCum.ca|Venezuela|$119177|3
Conan Faulkner|arcu.Vestibulum.ut@inconsectetuer.net|Reunion|$121279|9
Jack Gilbert|Phasellus@Aliquamultricesiaculis.co.uk|Papua New Guinea|$126952|8
Ulla Rowland|nisi.Aenean.eget@urnaNullamlobortis.co.uk|Norway|$69641|26
Teegan Bonner|mi@lectus.co.uk|Seychelles|$60411|32
Vielka James|tellus.Phasellus@a.ca|Venezuela|$42004|4
Dieter Rosario|purus.gravida.sagittis@arcuMorbi.co.uk|Italy|$43250|46
Maya Russo|feugiat.non@sempertellusid.co.uk|Israel|$137847|1
Illana Cotton|non.enim@senectus.edu|United States|$104099|37
Sydnee Oconnor|laoreet@luctus.net|Portugal|$134449|28
Orla Foley|a.enim.Suspendisse@semperpretium.com|Australia|$102494|43
Gwendolyn Lynn|et.nunc@etmagnis.ca|Chad|$83849|50
Alan Ferrell|erat.eget@aodio.edu|Kiribati|$74069|37
Claire Mcneil|Aliquam.tincidunt@fermentum.co.uk|Czech Republic|$56395|34
Tarik Kinney|id@dignissimMaecenas.com|Anguilla|$126894|11
Jamal Lawson|a.arcu.Sed@enimcondimentumeget.ca|Anguilla|$93510|11
Nathaniel Waters|per.conubia@Nunc.com|Sierra Leone|$72825|0
Hoyt Russell|non@nonnisiAenean.co.uk|Syria|$53424|12
Brielle Booker|ultricies@felis.edu|French Guiana|$64884|17
Ori Stanton|ac.tellus.Suspendisse@ante.edu|Liechtenstein|$114589|31
Knox Jacobs|molestie.dapibus@adipiscingligulaAenean.co.uk|Myanmar|$134148|33
Josephine Mullen|pede.malesuada.vel@Cras.org|Oman|$137364|36
Dalton Harmon|tellus@lectus.ca|Comoros|$90639|13